date,amount,category,type
2022-01-01,838.15,Utilities,expense
2022-01-01,205.69,Groceries,income
2022-01-01,1368.64,Healthcare,expense
2022-01-01,1118.98,Travel,expense
2022-01-02,870.67,Rent,expense
2022-01-02,55.4,Entertainment,expense
2022-01-02,619.34,Groceries,expense
2022-01-04,615.52,Groceries,expense
2022-01-04,14.99,Utilities,income
2022-01-05,1133.01,Travel,expense
2022-01-05,1060.34,Healthcare,income
2022-01-05,489.92,Entertainment,expense
2022-01-05,1398.7,Healthcare,expense
2022-01-06,833.97,Healthcare,expense
2022-01-06,1058.88,Groceries,expense
2022-01-07,1229.83,Healthcare,expense
2022-01-08,249.63,Healthcare,income
2022-01-09,1277.72,Rent,income
2022-01-09,844.17,Travel,expense
2022-01-09,337.94,Groceries,expense
2022-01-10,117.9,Healthcare,income
2022-01-10,24.13,Travel,expense
2022-01-12,106.83,Healthcare,expense
2022-01-12,11.84,Groceries,expense
2022-01-13,575.05,Groceries,income
2022-01-13,1398.07,Travel,income
2022-01-13,1100.96,Rent,income
2022-01-14,1197.23,Healthcare,expense
2022-01-14,1479.52,Utilities,income
2022-01-15,1401.2,Groceries,income
2022-01-15,827.89,Travel,expense
2022-01-16,706.29,Groceries,expense
2022-01-17,1106.5,Rent,expense
2022-01-18,711.89,Groceries,expense
2022-01-19,101.66,Entertainment,income
2022-01-19,11.53,Entertainment,income
2022-01-20,1258.78,Healthcare,income
2022-01-20,238.95,Rent,expense
2022-01-21,694.43,Healthcare,expense
2022-01-21,243.9,Groceries,expense
2022-01-22,617.9,Utilities,income
2022-01-22,777.7,Entertainment,expense
2022-01-23,663.52,Utilities,expense
2022-01-23,1399.56,Rent,expense
2022-01-25,507.67,Travel,expense
2022-01-26,218.63,Healthcare,expense
2022-01-27,839.52,Entertainment,income
2022-01-28,599.36,Rent,expense
2022-01-28,17.9,Groceries,income
2022-01-28,481.13,Travel,expense
2022-01-29,1185.32,Entertainment,expense
2022-01-29,1486.48,Travel,expense
2022-02-02,195.41,Entertainment,expense
2022-02-02,1080.5,Rent,expense
2022-02-02,1261.29,Travel,income
2022-02-03,983.36,Entertainment,income
2022-02-04,230.13,Entertainment,expense
2022-02-04,189.3,Entertainment,income
2022-02-04,799.46,Rent,expense
2022-02-04,37.37,Rent,income
2022-02-04,492.75,Rent,expense
2022-02-05,1291.59,Utilities,income
2022-02-05,315.45,Travel,expense
2022-02-05,746.47,Utilities,expense
2022-02-06,510.44,Entertainment,income
2022-02-06,1172.94,Healthcare,expense
2022-02-06,1279.77,Travel,expense
2022-02-07,302.21,Groceries,expense
2022-02-08,632.08,Rent,expense
2022-02-08,291.94,Travel,expense
2022-02-08,751.22,Rent,expense
2022-02-08,246.82,Utilities,expense
2022-02-08,316.31,Rent,expense
2022-02-08,131.47,Travel,income
2022-02-10,988.91,Entertainment,expense
2022-02-10,1376.92,Travel,expense
2022-02-10,752.39,Healthcare,income
2022-02-11,1030.01,Groceries,income
2022-02-11,703.55,Rent,expense
2022-02-12,1356.55,Rent,expense
2022-02-13,850.31,Rent,expense
2022-02-13,1027.64,Utilities,income
2022-02-13,1483.89,Travel,income
2022-02-13,1142.54,Utilities,income
2022-02-14,287.74,Utilities,expense
2022-02-15,860.65,Utilities,expense
2022-02-15,967.96,Travel,expense
2022-02-16,1451.87,Healthcare,expense
2022-02-16,812.22,Travel,expense
2022-02-16,686.0,Travel,expense
2022-02-17,181.77,Entertainment,expense
2022-02-17,807.2,Groceries,expense
2022-02-18,1234.47,Rent,expense
2022-02-18,953.53,Travel,income
2022-02-19,1268.22,Utilities,expense
2022-02-20,1309.03,Travel,expense
2022-02-20,661.42,Healthcare,income
2022-02-20,515.51,Healthcare,expense
2022-02-20,1342.38,Entertainment,expense
2022-02-21,786.68,Healthcare,income
2022-02-21,913.09,Healthcare,income
2022-02-21,1134.41,Utilities,expense
2022-02-22,520.36,Healthcare,expense
2022-02-22,523.13,Healthcare,expense
2022-02-22,365.65,Rent,expense
2022-02-22,1089.99,Groceries,expense
2022-02-22,1142.33,Travel,expense
2022-02-22,574.37,Entertainment,expense
2022-02-23,240.46,Entertainment,expense
2022-02-23,773.56,Groceries,expense
2022-02-23,284.85,Travel,expense
2022-02-23,901.68,Rent,income
2022-02-23,629.7,Entertainment,expense
2022-02-23,1302.15,Rent,expense
2022-02-23,1451.59,Entertainment,expense
2022-02-24,501.85,Groceries,income
2022-02-26,1051.5,Groceries,expense
2022-02-27,454.58,Travel,expense
2022-02-27,886.51,Rent,expense
2022-02-27,959.48,Groceries,expense
2022-02-27,1115.11,Entertainment,expense
2022-02-27,730.79,Healthcare,income
2022-02-27,1447.14,Utilities,expense
2022-02-28,524.17,Utilities,expense
2022-03-01,379.86,Travel,expense
2022-03-01,533.79,Travel,expense
2022-03-03,720.16,Rent,expense
2022-03-03,361.18,Healthcare,expense
2022-03-03,803.58,Entertainment,expense
2022-03-04,928.74,Healthcare,income
2022-03-04,216.85,Healthcare,income
2022-03-04,919.5,Entertainment,income
2022-03-04,1265.05,Healthcare,expense
2022-03-06,345.75,Travel,expense
2022-03-06,1473.67,Travel,income
2022-03-06,1042.86,Travel,expense
2022-03-07,1201.31,Entertainment,expense
2022-03-07,913.22,Utilities,income
2022-03-09,122.5,Groceries,expense
2022-03-10,1207.93,Groceries,expense
2022-03-10,788.43,Rent,income
2022-03-10,244.44,Healthcare,expense
2022-03-11,674.48,Rent,income
2022-03-13,1049.49,Travel,income
2022-03-13,744.98,Utilities,income
2022-03-15,182.61,Entertainment,expense
2022-03-16,900.61,Rent,income
2022-03-16,645.92,Rent,income
2022-03-16,397.75,Travel,expense
2022-03-17,861.27,Travel,expense
2022-03-17,845.41,Rent,expense
2022-03-17,496.39,Utilities,expense
2022-03-19,710.57,Rent,expense
2022-03-21,1303.5,Entertainment,expense
2022-03-22,758.41,Travel,expense
2022-03-22,1033.88,Entertainment,expense
2022-03-22,37.18,Entertainment,income
2022-03-23,323.42,Rent,income
2022-03-24,724.13,Travel,expense
2022-03-25,1443.56,Healthcare,expense
2022-03-26,500.24,Rent,expense
2022-03-27,1243.63,Healthcare,expense
2022-03-27,800.1,Healthcare,income
2022-03-29,935.0,Groceries,expense
2022-03-30,638.43,Rent,expense
2022-03-30,135.93,Entertainment,expense
2022-03-31,655.54,Groceries,expense
2022-03-31,1203.15,Rent,expense
2022-03-31,64.73,Travel,expense
2022-04-01,564.03,Rent,expense
2022-04-02,1438.35,Entertainment,income
2022-04-02,1088.91,Groceries,expense
2022-04-02,1083.57,Groceries,expense
2022-04-03,1241.05,Rent,expense
2022-04-04,995.87,Utilities,expense
2022-04-05,608.35,Travel,income
2022-04-05,818.29,Healthcare,expense
2022-04-05,524.34,Healthcare,expense
2022-04-06,189.58,Healthcare,expense
2022-04-06,511.19,Travel,expense
2022-04-06,691.57,Entertainment,income
2022-04-06,1170.07,Healthcare,expense
2022-04-06,1193.49,Groceries,expense
2022-04-07,112.69,Utilities,expense
2022-04-07,908.76,Healthcare,expense
2022-04-08,704.06,Utilities,expense
2022-04-08,1177.3,Travel,expense
2022-04-08,44.3,Entertainment,income
2022-04-09,885.31,Groceries,expense
2022-04-09,249.0,Healthcare,income
2022-04-09,1163.01,Rent,expense
2022-04-09,731.75,Travel,income
2022-04-09,1366.83,Groceries,expense
2022-04-09,1452.31,Healthcare,expense
2022-04-09,703.89,Utilities,expense
2022-04-09,1343.43,Healthcare,expense
2022-04-09,777.61,Travel,income
2022-04-10,66.02,Entertainment,expense
2022-04-10,698.29,Healthcare,expense
2022-04-10,778.96,Healthcare,expense
2022-04-10,527.65,Entertainment,expense
2022-04-11,1153.99,Entertainment,expense
2022-04-11,1199.0,Entertainment,expense
2022-04-11,938.77,Groceries,expense
2022-04-11,690.93,Healthcare,income
2022-04-13,1191.5,Rent,expense
2022-04-13,1264.72,Healthcare,expense
2022-04-13,681.86,Rent,income
2022-04-13,901.45,Healthcare,expense
2022-04-14,1224.43,Utilities,expense
2022-04-14,530.59,Rent,expense
2022-04-15,332.32,Rent,expense
2022-04-15,922.26,Healthcare,expense
2022-04-16,537.68,Healthcare,income
2022-04-16,1038.93,Rent,income
2022-04-17,790.17,Healthcare,expense
2022-04-18,886.58,Groceries,income
2022-04-18,625.06,Entertainment,income
2022-04-19,1323.64,Travel,expense
2022-04-22,1256.48,Rent,expense
2022-04-22,1370.0,Rent,expense
2022-04-22,762.22,Groceries,expense
2022-04-23,734.67,Rent,expense
2022-04-23,1073.96,Healthcare,expense
2022-04-23,574.44,Rent,expense
2022-04-23,909.9,Entertainment,expense
2022-04-23,1201.68,Groceries,expense
2022-04-24,792.3,Rent,expense
2022-04-24,638.34,Entertainment,expense
2022-04-25,948.37,Groceries,expense
2022-04-26,602.0,Groceries,income
2022-04-26,1292.99,Healthcare,income
2022-04-26,109.26,Travel,expense
2022-04-27,1365.19,Groceries,income
2022-04-27,973.53,Utilities,expense
2022-04-28,296.97,Travel,expense
2022-04-28,313.33,Healthcare,expense
2022-04-29,1466.42,Healthcare,expense
2022-04-30,456.4,Healthcare,expense
2022-04-30,1140.0,Travel,expense
2022-05-01,802.47,Rent,expense
2022-05-02,1231.72,Travel,expense
2022-05-02,1499.04,Healthcare,expense
2022-05-02,594.31,Utilities,expense
2022-05-02,1155.69,Entertainment,income
2022-05-02,980.76,Entertainment,expense
2022-05-03,1091.88,Entertainment,expense
2022-05-04,1187.12,Groceries,expense
2022-05-04,165.33,Healthcare,income
2022-05-05,601.01,Entertainment,expense
2022-05-06,708.12,Rent,expense
2022-05-06,1241.93,Utilities,expense
2022-05-06,1240.62,Entertainment,income
2022-05-06,1099.23,Entertainment,expense
2022-05-07,1008.18,Rent,expense
2022-05-07,1027.94,Travel,expense
2022-05-08,1468.61,Rent,expense
2022-05-08,1118.93,Rent,expense
2022-05-08,939.91,Healthcare,expense
2022-05-08,1478.2,Groceries,expense
2022-05-09,180.26,Entertainment,expense
2022-05-09,75.81,Entertainment,expense
2022-05-09,1210.74,Healthcare,income
2022-05-10,1439.02,Healthcare,income
2022-05-10,1160.1,Entertainment,income
2022-05-11,726.91,Entertainment,expense
2022-05-11,140.06,Utilities,expense
2022-05-11,518.93,Groceries,expense
2022-05-11,1292.34,Healthcare,income
2022-05-12,1485.32,Groceries,income
2022-05-13,726.55,Utilities,expense
2022-05-13,350.65,Rent,expense
2022-05-14,1287.47,Travel,expense
2022-05-14,954.3,Rent,expense
2022-05-15,1462.85,Travel,income
2022-05-15,772.37,Entertainment,expense
2022-05-15,794.6,Rent,income
2022-05-16,1476.68,Groceries,expense
2022-05-16,92.92,Entertainment,income
2022-05-16,1421.47,Rent,expense
2022-05-17,1098.52,Groceries,expense
2022-05-19,86.94,Travel,income
2022-05-20,474.1,Entertainment,income
2022-05-21,162.27,Healthcare,expense
2022-05-21,432.18,Rent,expense
2022-05-22,638.83,Entertainment,expense
2022-05-23,537.27,Rent,expense
2022-05-23,448.31,Rent,expense
2022-05-23,618.69,Travel,expense
2022-05-24,698.52,Groceries,expense
2022-05-24,375.48,Travel,income
2022-05-24,1213.07,Healthcare,expense
2022-05-24,567.91,Healthcare,expense
2022-05-24,884.73,Travel,expense
2022-05-24,167.69,Travel,expense
2022-05-24,1328.65,Healthcare,income
2022-05-25,715.63,Groceries,income
2022-05-25,1437.67,Groceries,expense
2022-05-25,1362.65,Healthcare,expense
2022-05-25,927.46,Travel,income
2022-05-26,297.77,Groceries,expense
2022-05-26,1233.95,Entertainment,expense
2022-05-27,139.19,Rent,income
2022-05-27,220.21,Healthcare,expense
2022-05-27,1463.56,Rent,expense
2022-05-27,146.63,Healthcare,income
2022-05-27,145.84,Utilities,expense
2022-05-27,504.9,Entertainment,expense
2022-05-28,474.05,Utilities,expense
2022-05-28,256.63,Healthcare,expense
2022-05-28,1261.52,Utilities,income
2022-05-29,308.54,Healthcare,income
2022-05-30,1431.59,Entertainment,expense
2022-05-30,810.52,Utilities,expense
2022-05-31,1395.83,Rent,income
2022-05-31,1296.64,Groceries,income
2022-05-31,1039.92,Utilities,expense
2022-05-31,416.71,Entertainment,expense
2022-06-01,77.2,Rent,expense
2022-06-01,1496.56,Utilities,expense
2022-06-01,592.84,Groceries,income
2022-06-01,807.25,Healthcare,expense
2022-06-01,873.68,Healthcare,expense
2022-06-02,1374.12,Healthcare,income
2022-06-02,448.13,Rent,income
2022-06-03,726.78,Healthcare,expense
2022-06-03,610.86,Travel,expense
2022-06-04,1235.65,Healthcare,expense
2022-06-05,346.05,Entertainment,expense
2022-06-06,502.22,Rent,expense
2022-06-07,786.74,Travel,income
2022-06-07,388.29,Rent,expense
2022-06-07,1315.9,Healthcare,expense
2022-06-09,474.81,Travel,expense
2022-06-09,423.13,Rent,expense
2022-06-09,423.6,Healthcare,expense
2022-06-09,439.02,Utilities,expense
2022-06-09,1390.41,Utilities,expense
2022-06-09,1063.4,Healthcare,income
2022-06-10,508.2,Rent,expense
2022-06-10,471.81,Entertainment,expense
2022-06-10,623.38,Travel,expense
2022-06-10,1171.84,Groceries,income
2022-06-11,633.42,Utilities,expense
2022-06-11,1262.66,Travel,income
2022-06-12,750.55,Utilities,expense
2022-06-12,1048.47,Rent,expense
2022-06-12,1363.96,Travel,expense
2022-06-12,593.53,Groceries,income
2022-06-13,889.49,Groceries,expense
2022-06-13,247.28,Entertainment,expense
2022-06-13,1347.18,Utilities,expense
2022-06-14,258.43,Groceries,expense
2022-06-14,893.99,Healthcare,income
2022-06-14,268.89,Travel,income
2022-06-15,565.54,Entertainment,expense
2022-06-16,13.87,Healthcare,income
2022-06-16,1234.05,Rent,income
2022-06-17,1327.46,Healthcare,expense
2022-06-17,37.46,Entertainment,expense
2022-06-18,163.44,Entertainment,expense
2022-06-19,527.95,Healthcare,expense
2022-06-19,1239.45,Healthcare,income
2022-06-19,1263.88,Healthcare,expense
2022-06-19,1083.1,Utilities,expense
2022-06-19,654.04,Entertainment,income
2022-06-20,1400.08,Groceries,income
2022-06-21,348.75,Rent,expense
2022-06-21,1069.32,Rent,expense
2022-06-21,1273.71,Utilities,income
2022-06-21,863.99,Rent,expense
2022-06-22,669.03,Groceries,income
2022-06-22,864.21,Rent,income
2022-06-22,656.15,Entertainment,income
2022-06-22,487.91,Entertainment,expense
2022-06-22,1417.01,Utilities,expense
2022-06-23,201.39,Entertainment,expense
2022-06-23,334.85,Entertainment,expense
2022-06-24,540.43,Rent,income
2022-06-25,1301.82,Groceries,expense
2022-06-25,613.82,Travel,expense
2022-06-26,941.7,Travel,expense
2022-06-26,61.95,Healthcare,expense
2022-06-26,1325.53,Healthcare,expense
2022-06-26,1427.81,Groceries,expense
2022-06-27,173.11,Entertainment,expense
2022-06-27,1023.88,Rent,income
2022-06-28,1435.06,Travel,expense
2022-06-28,140.92,Rent,income
2022-06-29,314.77,Rent,expense
2022-06-29,875.33,Groceries,expense
2022-06-29,251.4,Utilities,income
2022-06-30,1442.36,Rent,expense
2022-06-30,1247.68,Rent,expense
2022-07-01,107.78,Rent,income
2022-07-02,500.29,Entertainment,expense
2022-07-03,391.46,Travel,expense
2022-07-04,667.14,Utilities,expense
2022-07-05,1319.82,Travel,income
2022-07-05,1085.08,Groceries,income
2022-07-05,232.88,Rent,income
2022-07-06,1262.26,Travel,expense
2022-07-06,1487.3,Utilities,expense
2022-07-06,814.39,Travel,expense
2022-07-06,81.66,Rent,expense
2022-07-07,550.51,Travel,expense
2022-07-07,57.39,Healthcare,expense
2022-07-07,374.09,Utilities,expense
2022-07-08,91.78,Rent,income
2022-07-08,1196.74,Groceries,expense
2022-07-09,720.25,Entertainment,income
2022-07-09,1445.22,Travel,income
2022-07-09,806.29,Travel,expense
2022-07-09,724.58,Groceries,income
2022-07-09,1424.47,Groceries,expense
2022-07-09,870.45,Travel,expense
2022-07-10,56.64,Groceries,expense
2022-07-10,1108.73,Travel,income
2022-07-10,337.07,Entertainment,expense
2022-07-11,1429.45,Rent,expense
2022-07-11,938.18,Groceries,expense
2022-07-11,139.52,Utilities,income
2022-07-11,688.16,Healthcare,expense
2022-07-11,278.3,Utilities,expense
2022-07-11,985.96,Utilities,expense
2022-07-13,277.45,Groceries,expense
2022-07-13,806.34,Entertainment,expense
2022-07-14,1203.12,Groceries,expense
2022-07-15,782.21,Healthcare,income
2022-07-15,694.93,Rent,expense
2022-07-16,900.24,Healthcare,expense
2022-07-16,1165.95,Groceries,expense
2022-07-17,926.28,Utilities,expense
2022-07-17,980.54,Travel,income
2022-07-17,505.9,Groceries,expense
2022-07-18,915.76,Entertainment,expense
2022-07-20,125.21,Rent,expense
2022-07-20,1089.19,Travel,income
2022-07-20,741.22,Healthcare,expense
2022-07-21,978.94,Entertainment,expense
2022-07-21,142.91,Groceries,expense
2022-07-21,1229.99,Entertainment,expense
2022-07-22,848.5,Entertainment,income
2022-07-22,160.18,Utilities,expense
2022-07-23,785.05,Utilities,expense
2022-07-24,75.06,Utilities,expense
2022-07-25,1298.09,Healthcare,expense
2022-07-25,208.34,Healthcare,income
2022-07-26,827.42,Healthcare,expense
2022-07-26,886.21,Utilities,income
2022-07-27,841.04,Healthcare,expense
2022-07-27,1150.38,Entertainment,expense
2022-07-27,840.38,Travel,expense
2022-07-31,1126.25,Travel,expense
2022-08-01,1075.24,Utilities,income
2022-08-01,1107.87,Utilities,expense
2022-08-02,1107.01,Groceries,income
2022-08-03,539.11,Utilities,expense
2022-08-03,108.69,Travel,expense
2022-08-03,11.67,Travel,expense
2022-08-03,79.95,Utilities,expense
2022-08-03,111.69,Groceries,expense
2022-08-04,1259.49,Utilities,income
2022-08-05,777.72,Groceries,expense
2022-08-05,923.29,Groceries,income
2022-08-05,173.11,Travel,expense
2022-08-05,1350.47,Rent,expense
2022-08-05,121.29,Groceries,expense
2022-08-05,429.27,Entertainment,expense
2022-08-06,281.6,Entertainment,income
2022-08-06,641.16,Entertainment,income
2022-08-06,487.76,Entertainment,income
2022-08-06,645.96,Rent,income
2022-08-08,862.92,Healthcare,expense
2022-08-08,1462.3,Travel,income
2022-08-08,227.42,Entertainment,income
2022-08-08,192.94,Rent,expense
2022-08-08,795.27,Groceries,expense
2022-08-08,28.18,Travel,expense
2022-08-09,838.71,Entertainment,expense
2022-08-10,946.86,Travel,expense
2022-08-10,286.35,Rent,expense
2022-08-10,168.98,Groceries,expense
2022-08-11,414.81,Healthcare,income
2022-08-11,732.32,Healthcare,expense
2022-08-11,1103.53,Rent,expense
2022-08-11,17.67,Travel,income
2022-08-12,71.36,Utilities,income
2022-08-12,76.12,Groceries,expense
2022-08-12,914.89,Rent,expense
2022-08-12,1077.11,Entertainment,income
2022-08-13,902.55,Entertainment,expense
2022-08-13,539.49,Groceries,expense
2022-08-13,1319.16,Utilities,income
2022-08-14,432.94,Rent,expense
2022-08-14,1084.01,Utilities,expense
2022-08-15,1124.33,Entertainment,expense
2022-08-15,313.51,Utilities,expense
2022-08-15,1063.77,Groceries,income
2022-08-15,572.81,Travel,expense
2022-08-16,1138.02,Utilities,income
2022-08-17,1356.01,Utilities,expense
2022-08-17,53.8,Groceries,expense
2022-08-17,819.42,Utilities,expense
2022-08-18,763.21,Travel,income
2022-08-18,23.52,Rent,income
2022-08-19,1277.58,Groceries,income
2022-08-19,868.24,Rent,income
2022-08-19,663.73,Groceries,expense
2022-08-19,183.88,Rent,expense
2022-08-21,351.25,Utilities,expense
2022-08-21,800.23,Travel,income
2022-08-21,940.89,Utilities,income
2022-08-21,326.89,Entertainment,income
2022-08-21,223.26,Rent,income
2022-08-21,1360.71,Travel,income
2022-08-22,1114.78,Healthcare,expense
2022-08-23,1137.39,Groceries,expense
2022-08-24,906.88,Travel,expense
2022-08-24,1270.91,Groceries,income
2022-08-25,1121.5,Groceries,expense
2022-08-25,883.94,Entertainment,income
2022-08-25,1195.06,Entertainment,income
2022-08-26,1109.41,Rent,expense
2022-08-26,832.07,Entertainment,expense
2022-08-27,715.08,Healthcare,expense
2022-08-27,135.31,Entertainment,expense
2022-08-27,1008.87,Healthcare,expense
2022-08-28,163.16,Rent,income
2022-08-28,1159.16,Travel,expense
2022-08-29,715.02,Rent,expense
2022-08-30,132.94,Groceries,expense
2022-08-30,809.52,Travel,expense
2022-08-30,1282.77,Groceries,expense
2022-08-30,1247.66,Rent,expense
2022-08-31,1174.46,Travel,expense
2022-09-01,489.16,Groceries,income
2022-09-03,88.5,Healthcare,expense
2022-09-03,110.09,Entertainment,expense
2022-09-04,168.8,Healthcare,expense
2022-09-04,1368.66,Travel,expense
2022-09-04,553.4,Healthcare,income
2022-09-04,1076.17,Travel,income
2022-09-06,1494.54,Groceries,income
2022-09-06,952.49,Entertainment,expense
2022-09-07,603.45,Healthcare,expense
2022-09-07,338.64,Groceries,expense
2022-09-07,114.34,Groceries,expense
2022-09-08,1238.53,Rent,expense
2022-09-08,1105.67,Rent,income
2022-09-09,712.58,Utilities,income
2022-09-09,915.26,Utilities,expense
2022-09-09,1488.28,Groceries,expense
2022-09-09,287.62,Utilities,expense
2022-09-09,976.75,Travel,expense
2022-09-09,974.88,Entertainment,expense
2022-09-09,1378.5,Rent,expense
2022-09-10,571.28,Travel,income
2022-09-10,353.55,Healthcare,expense
2022-09-10,1462.08,Travel,expense
2022-09-10,1459.93,Entertainment,expense
2022-09-10,728.71,Groceries,expense
2022-09-11,60.48,Entertainment,expense
2022-09-11,10.35,Rent,expense
2022-09-11,941.21,Groceries,expense
2022-09-12,819.52,Entertainment,income
2022-09-12,893.51,Groceries,expense
2022-09-12,894.89,Groceries,expense
2022-09-13,180.21,Entertainment,income
2022-09-13,525.56,Groceries,income
2022-09-14,788.55,Entertainment,expense
2022-09-14,764.09,Groceries,income
2022-09-15,881.3,Groceries,expense
2022-09-15,887.77,Travel,expense
2022-09-16,361.5,Entertainment,expense
2022-09-16,818.85,Entertainment,income
2022-09-16,1262.27,Utilities,expense
2022-09-16,254.36,Healthcare,expense
2022-09-16,286.33,Groceries,income
2022-09-17,601.77,Rent,expense
2022-09-17,250.89,Rent,expense
2022-09-18,1345.95,Entertainment,expense
2022-09-19,123.14,Groceries,expense
2022-09-20,726.45,Entertainment,expense
2022-09-21,716.61,Groceries,expense
2022-09-21,858.47,Travel,expense
2022-09-21,1158.66,Healthcare,expense
2022-09-21,102.89,Entertainment,expense
2022-09-21,1436.33,Utilities,expense
2022-09-22,996.55,Healthcare,expense
2022-09-22,1386.82,Travel,expense
2022-09-24,627.61,Rent,income
2022-09-24,195.09,Travel,expense
2022-09-25,1441.56,Healthcare,income
2022-09-25,163.34,Travel,expense
2022-09-25,1233.08,Healthcare,expense
2022-09-25,62.78,Entertainment,expense
2022-09-25,395.88,Entertainment,income
2022-09-26,1443.53,Entertainment,income
2022-09-27,807.65,Utilities,income
2022-09-28,716.22,Travel,expense
2022-09-28,453.96,Travel,income
2022-09-28,827.59,Rent,expense
2022-09-28,1433.3,Entertainment,expense
2022-09-29,378.83,Utilities,expense
2022-09-29,1120.15,Groceries,expense
2022-09-30,799.2,Rent,income
2022-09-30,82.69,Travel,expense
2022-10-01,1303.77,Entertainment,expense
2022-10-02,1140.96,Utilities,expense
2022-10-02,895.65,Travel,expense
2022-10-04,1209.92,Rent,income
2022-10-04,741.87,Utilities,expense
2022-10-04,415.73,Utilities,income
2022-10-04,1047.79,Travel,expense
2022-10-05,970.37,Travel,income
2022-10-06,1105.47,Entertainment,expense
2022-10-06,86.88,Healthcare,income
2022-10-07,1239.41,Healthcare,income
2022-10-07,1378.94,Utilities,expense
2022-10-07,971.13,Rent,expense
2022-10-07,512.8,Travel,expense
2022-10-07,452.53,Healthcare,expense
2022-10-08,281.34,Utilities,expense
2022-10-09,896.22,Rent,expense
2022-10-10,1421.55,Rent,expense
2022-10-10,1261.78,Rent,expense
2022-10-10,593.31,Entertainment,income
2022-10-10,1332.32,Utilities,expense
2022-10-10,686.86,Utilities,expense
2022-10-11,820.23,Travel,expense
2022-10-11,1212.21,Travel,income
2022-10-11,1362.72,Rent,income
2022-10-11,1128.25,Healthcare,expense
2022-10-12,612.68,Entertainment,expense
2022-10-12,1117.6,Entertainment,income
2022-10-13,1483.21,Groceries,expense
2022-10-13,1073.54,Utilities,expense
2022-10-13,1324.97,Rent,income
2022-10-13,1046.61,Rent,expense
2022-10-13,361.33,Rent,expense
2022-10-15,1158.77,Travel,income
2022-10-15,41.08,Utilities,expense
2022-10-15,207.09,Travel,expense
2022-10-16,1485.61,Entertainment,expense
2022-10-16,309.28,Entertainment,expense
2022-10-16,1132.34,Rent,expense
2022-10-16,1495.91,Rent,expense
2022-10-17,724.87,Healthcare,expense
2022-10-17,476.15,Utilities,income
2022-10-19,1017.32,Groceries,expense
2022-10-20,315.57,Rent,expense
2022-10-21,162.3,Entertainment,income
2022-10-21,1049.52,Rent,income
2022-10-21,545.14,Travel,expense
2022-10-22,809.36,Rent,expense
2022-10-23,880.46,Groceries,expense
2022-10-25,1385.21,Healthcare,income
2022-10-26,752.16,Healthcare,income
2022-10-28,1280.1,Groceries,income
2022-10-28,21.23,Rent,expense
2022-10-29,61.0,Entertainment,income
2022-10-29,1258.36,Utilities,income
2022-10-30,775.85,Travel,expense
2022-10-30,1121.3,Rent,income
2022-10-30,1412.44,Utilities,expense
2022-10-31,1347.17,Entertainment,expense
2022-10-31,693.89,Utilities,income
2022-10-31,520.96,Travel,income
2022-10-31,256.61,Entertainment,expense
2022-10-31,1417.17,Groceries,income
2022-11-01,36.61,Healthcare,expense
2022-11-01,814.37,Entertainment,expense
2022-11-02,269.55,Travel,expense
2022-11-02,581.93,Healthcare,income
2022-11-02,407.08,Entertainment,expense
2022-11-03,748.18,Entertainment,expense
2022-11-03,1034.8,Utilities,expense
2022-11-04,906.76,Groceries,expense
2022-11-04,478.75,Travel,expense
2022-11-04,575.17,Healthcare,expense
2022-11-05,695.58,Groceries,expense
2022-11-06,726.82,Rent,income
2022-11-06,166.26,Groceries,expense
2022-11-07,163.61,Rent,expense
2022-11-07,994.62,Healthcare,income
2022-11-08,1099.59,Utilities,expense
2022-11-08,806.02,Entertainment,expense
2022-11-09,953.32,Groceries,expense
2022-11-09,1153.91,Rent,income
2022-11-10,1312.73,Groceries,income
2022-11-10,211.15,Utilities,expense
2022-11-10,899.94,Utilities,expense
2022-11-11,1403.45,Groceries,expense
2022-11-11,1131.08,Utilities,expense
2022-11-12,383.59,Healthcare,income
2022-11-12,899.94,Groceries,income
2022-11-12,702.25,Healthcare,expense
2022-11-13,1161.51,Travel,expense
2022-11-13,1444.35,Travel,income
2022-11-13,1089.39,Travel,expense
2022-11-14,746.03,Groceries,expense
2022-11-14,1042.83,Entertainment,income
2022-11-14,1043.64,Groceries,expense
2022-11-15,962.03,Rent,income
2022-11-16,147.51,Travel,expense
2022-11-17,612.53,Entertainment,income
2022-11-17,1158.77,Rent,expense
2022-11-18,144.6,Travel,income
2022-11-19,886.95,Entertainment,expense
2022-11-19,1051.28,Travel,expense
2022-11-19,853.01,Utilities,expense
2022-11-20,217.28,Travel,expense
2022-11-21,1187.23,Utilities,expense
2022-11-21,141.93,Groceries,expense
2022-11-21,1101.08,Utilities,income
2022-11-22,1271.15,Travel,income
2022-11-22,1366.92,Entertainment,income
2022-11-23,736.84,Utilities,income
2022-11-23,1085.18,Entertainment,expense
2022-11-23,96.3,Groceries,expense
2022-11-24,1087.12,Travel,income
2022-11-25,572.16,Groceries,expense
2022-11-26,901.51,Rent,expense
2022-11-26,905.19,Entertainment,expense
2022-11-27,1350.5,Groceries,expense
2022-11-27,395.45,Utilities,expense
2022-11-27,78.33,Healthcare,expense
2022-12-01,1166.24,Groceries,expense
2022-12-02,1280.7,Groceries,expense
2022-12-03,582.3,Utilities,income
2022-12-04,1255.64,Utilities,expense
2022-12-04,1183.81,Groceries,income
2022-12-04,796.2,Travel,expense
2022-12-04,851.04,Rent,income
2022-12-05,1158.57,Healthcare,expense
2022-12-05,1303.56,Utilities,expense
2022-12-06,683.4,Travel,income
2022-12-06,1366.41,Travel,expense
2022-12-06,707.67,Rent,expense
2022-12-06,801.59,Groceries,expense
2022-12-07,1316.23,Utilities,expense
2022-12-07,1345.37,Utilities,expense
2022-12-07,599.32,Entertainment,expense
2022-12-08,455.27,Entertainment,expense
2022-12-08,1065.77,Travel,income
2022-12-08,1257.25,Rent,income
2022-12-08,412.17,Travel,expense
2022-12-08,1351.85,Entertainment,expense
2022-12-08,1342.78,Utilities,income
2022-12-09,852.61,Travel,income
2022-12-10,140.95,Entertainment,income
2022-12-10,606.45,Entertainment,expense
2022-12-11,554.38,Groceries,expense
2022-12-11,343.54,Utilities,income
2022-12-12,1471.06,Groceries,income
2022-12-12,310.58,Travel,income
2022-12-12,58.94,Groceries,expense
2022-12-12,1257.86,Travel,expense
2022-12-12,361.81,Entertainment,expense
2022-12-12,386.24,Travel,expense
2022-12-13,613.91,Travel,expense
2022-12-14,495.63,Healthcare,expense
2022-12-14,505.15,Travel,expense
2022-12-14,814.27,Healthcare,income
2022-12-14,1303.4,Travel,expense
2022-12-15,192.99,Travel,expense
2022-12-15,550.96,Utilities,expense
2022-12-15,1366.6,Travel,expense
2022-12-15,1073.95,Utilities,expense
2022-12-15,978.75,Utilities,expense
2022-12-16,13.49,Entertainment,expense
2022-12-17,1177.91,Entertainment,income
2022-12-17,357.49,Healthcare,expense
2022-12-18,348.82,Rent,expense
2022-12-18,14.04,Entertainment,expense
2022-12-20,284.71,Travel,expense
2022-12-21,17.83,Entertainment,expense
2022-12-21,386.45,Entertainment,expense
2022-12-21,402.89,Rent,expense
2022-12-23,700.44,Travel,expense
2022-12-23,1085.61,Entertainment,income
2022-12-23,582.11,Groceries,expense
2022-12-24,842.03,Groceries,income
2022-12-24,70.72,Healthcare,expense
2022-12-25,652.98,Travel,income
2022-12-25,560.15,Groceries,expense
2022-12-26,609.8,Groceries,expense
2022-12-26,321.6,Rent,expense
2022-12-26,307.27,Rent,expense
2022-12-26,909.55,Travel,expense
2022-12-26,1126.93,Travel,expense
2022-12-27,17.57,Healthcare,expense
2022-12-27,352.78,Entertainment,expense
2022-12-30,581.58,Groceries,expense
2022-12-30,201.84,Healthcare,expense
2022-12-31,543.12,Healthcare,expense
2022-12-31,257.9,Travel,expense
2022-12-31,125.87,Travel,expense
2022-12-31,896.62,Groceries,expense
